UniProt_ID,Sequence
CBP,MAENLLDGPPNPKRAKLSSPGFSANDSTDFGSLFDLENDLPDELIPNGGELGLLNSGNLVPDAASKHKQLSELLRGGSGSSINPGIGNVSASSPVQQGLGGQAQGQPNSANMASLSAMGKSPLSQGDSSAPSLPKQAASTSGPTPAASQALNPQAQKQVGLATSSPATSQTGPGICMNANFNQTHPGLLNSNSGHSLINQASQGQAQVMNGSLGAAGRGRGAGMPYPTPAMQGASSSVLAETLTQVSPQMTGHAGLNTAQAGGMAKMGITGNTSPFGQPFSQAGGQPMGATGVNPQLASKQSMVNSLPTFPTDIKNTSVTNVPNMSQMQTSVGIVPTQAIATGPTADPEKRKLIQQQLVLLLHAHKCQRREQANGEVRACSLPHCRTMKNVLNHMTHCQAGKACQVAHCASSRQIISHWKNCTRHDCPVCLPLKNASDKRNQQTILGSPASGIQNTIGSVGTGQQNATSLSNPNPIDPSSMQRAYAALGLPYMNQPQTQLQPQVPGQQPAQPQTHQQMRTLNPLGNNPMNIPAGGITTDQQPPNLISESALPTSLGATNPLMNDGSNSGNIGTLSTIPTAAPPSSTGVRKGWHEHVTQDLRSHLVHKLVQAIFPTPDPAALKDRRMENLVAYAKKVEGDMYESANSRDEYYHLLAEKIYKIQKELEEKRRSRLHKQGILGNQPALPAPGAQPPVIPQAQPVRPPNGPLSLPVNRMQVSQGMNSFNPMSLGNVQLPQAPMGPRAASPMNHSVQMNSMGSVPGMAISPSRMPQPPNMMGAHTNNMMAQAPAQSQFLPQNQFPSSSGAMSVGMGQPPAQTGVSQGQVPGAALPNPLNMLGPQASQLPCPPVTQSPLHPTPPPASTAAGMPSLQHTTPPGMTPPQPAAPTQPSTPVSSSGQTPTPTPGSVPSATQTQSTPTVQAAAQAQVTPQPQTPVQPPSVATPQSSQQQPTPVHAQPPGTPLSQAAASIDNRVPTPSSVASAETNSQQPGPDVPVLEMKTETQAEDTEPDPGESKGEPRSEMMEEDLQGASQVKEETDIAEQKSEPMEVDEKKPEVKVEVKEEEESSSNGTASQSTSPSQPRKKIFKPEELRQALMPTLEALYRQDPESLPFRQPVDPQLLGIPDYFDIVKNPMDLSTIKRKLDTGQYQEPWQYVDDVWLMFNNAWLYNRKTSRVYKFCSKLAEVFEQEIDPVMQSLGYCCGRKYEFSPQTLCCYGKQLCTIPRDAAYYSYQNRYHFCEKCFTEIQGENVTLGDDPSQPQTTISKDQFEKKKNDTLDPEPFVDCKECGRKMHQICVLHYDIIWPSGFVCDNCLKKTGRPRKENKFSAKRLQTTRLGNHLEDRVNKFLRRQNHPEAGEVFVRVVASSDKTVEVKPGMKSRFVDSGEMSESFPYRTKALFAFEEIDGVDVCFFGMHVQEYGSDCPPPNTRRVYISYLDSIHFFRPRCLRTAVYHEILIGYLEYVKKLGYVTGHIWACPPSEGDDYIFHCHPPDQKIPKPKRLQEWYKKMLDKAFAERIIHDYKDIFKQATEDRLTSAKELPYFEGDFWPNVLEESIKELEQEEEERKKEESTAASETTEGSQGDSKNAKKKNNKKTNKNKSSISRANKKKPSMPNVSNDLSQKLYATMEKHKEVFFVIHLHAGPVINTLPPIVDPDPLLSCDLMDGRDAFLTLARDKHWEFSSLRRSKWSTLCMLVELHTQGQDRFVYTCNECKHHVETRWHCTVCEDYDLCINCYNTKSHAHKMVKWGLGLDDEGSSQGEPQSKSPQESRRLSIQRCIQSLVHACQCRNANCSLPSCQKMKRVVQHTKGCKRKTNGGCPVCKQLIALCCYHAKHCQENKCPVPFCLNIKHKLRQQQIQHRLQQAQLMRRRMATMNTRNVPQQSLPSPTSAPPGTPTQQPSTPQTPQPPAQPQPSPVSMSPAGFPSVARTQPPTTVSTGKPTSQVPAPPPPAQPPPAAVEAARQIEREAQQQQHLYRVNINNSMPPGRTGMGTPGSQMAPVSLNVPRPNQVSGPVMPSMPPGQWQQAPLPQQQPMPGLPRPVISMQAQAAVAGPRMPSVQPPRSISPSALQDLLRTLKSPSSPQQQQQVLNILKSNPQLMAAFIKQRTAKYVANQPGMQPQPGLQSQPGMQPQPGMHQQPSLQNLNAMQAGVPRPGVPPQQQAMGGLNPQGQALNIMNPGHNPNMASMNPQYREMLRRQLLQQQQQQQQQQQQQQQQQQGSAGMAGGMAGHGQFQQPQGPGGYPPAMQQQQRMQQHLPLQGSSMGQMAAQMGQLGQMGQPGLGADSTPNIQQALQQRILQQQQMKQQIGSPGQPNPMSPQQHMLSGQPQASHLPGQQIATSLSNQVRSPAPVQSPRPQSQPPHSSPSPRIQPQPSPHHVSPQTGSPHPGLAVTMASSIDQGHLGNPEQSAMLPQLNTPSRSALSSELSLVGDTTGDTLEKFVEGL
DLG4,MDCLCIVTTKKYRYQDEDTPPLEHSPAHLPNQANSPPVIVNTDTLEAPGYELQVNGTEGEMEYEEITLERGNSGLGFSIAGGTDNPHIGDDPSIFITKIIPGGAAAQDGRLRVNDSILFVNEVDVREVTHSAAVEALKEAGSIVRLYVMRRKPPAEKVMEIKLIKGPKGLGFSIAGGVGNQHIPGDNSIYVTKIIEGGAAHKDGRLQIGDKILAVNSVGLEDVMHEDAVAALKNTYDVVYLKVAKPSNAYLSDSYAPPDITTSYSQHLDNEISHSSYLGTDYPTAMTPTSPRRYSPVAKDLLGEEDIPREPRRIVIHRGSTGLGFNIVGGEDGEGIFISFILAGGPADLSGELRKGDQILSVNGVDLRNASHEQAAIALKNAGQTVTIIAQYKPEEYSRFEAKIHDLREQLMNSSLGSGTASLRSNPKRGFYIRALFDYDKTKDCGFLSQALSFRFGDVLHVIDASDEEWWQARRVHSDSETDDIGFIPSKRRVERREWSRLKAKDWGSSSGSQGREDSVLSYETVTQMEVHYARPIIILGPTKDRANDDLLSEFPDKFGSCVPHTTRPKREYEIDGRDYHFVSSREKMEKDIQAHKFIEAGQYNSHLYGTSVQSVREVAEQGKHCILDVSANAVRRLQAAHLHPIAIFIRPRSLENVLEINKRITEEQARKAFDRATKLEQEFTECFSAIVEGDSFEEIYHKVKRVIEDLSGPYIWVPARERL
CADH2,MCRIAGALRTLLPLLAALLQASVEASGEIALCKTGFPEDVYSAVLSKDVHEGQPLLNVKFSNCNGKRKVQYESSEPADFKVDEDGMVYAVRSFPLSSEHAKFLIYAQDKETQEKWQVAVKLSLKPTLTEESVKESAEVEEIVFPRQFSKHSGHLQRQKRDWVIPPINLPENSRGPFPQELVRIRSDRDKNLSLRYSVTGPGADQPPTGIFIINPISGQLSVTKPLDREQIARFHLRAHAVDINGNQVENPIDIVINVIDMNDNRPEFLHQVWNGTVPEGSKPGTYVMTVTAIDADDPNALNGMLRYRIVSQAPSTPSPNMFTINNETGDIITVAAGLDREKVQQYTLIIQATDMEGNPTYGLSNTATAVITVTDVNDNPPEFTAMTFYGEVPENRVDIIVANLTVTDKDQPHTPAWNAVYRISGGDPTGRFAIQTDPNSNDGLVTVVKPIDFETNRMFVLTVAAENQVPLAKGIQHPPQSTATVSVTVIDVNENPYFAPNPKIIRQEEGLHAGTMLTTFTAQDPDRYMQQNIRYTKLSDPANWLKIDPVNGQITTIAVLDRESPNVKNNIYNATFLASDNGIPPMSGTGTLQIYLLDINDNAPQVLPQEAETCETPDPNSINITALDYDIDPNAGPFAFDLPLSPVTIKRNWTITRLNGDFAQLNLKIKFLEAGIYEVPIIITDSGNPPKSNISILRVKVCQCDSNGDCTDVDRIVGAGLGTGAIIAILLCIIILLILVLMFVVWMKRRDKERQAKQLLIDPEDDVRDNILKYDEEGGGEEDQDYDLSQLQQPDTVEPDAIKPVGIRRMDERPIHAEPQYPVRSAAPHPGDIGDFINEGLKAADNDPTAPPYDSLLVFDYEGSGSTAGSLSSLNSSSSGGEQDYDYLNDWGPRFKKLADMYGGGDD
RPC2,MDVLAEEFGNLTPEQLAAPIPTVEEKWRLLPAFLKVKGLVKQHIDSFNYFINVEIKKIMKANEKVTSDADPMWYLKYLNIYVGLPDVEESFNVTRPVSPHECRLRDMTYSAPITVDIEYTRGSQRIIRNALPIGRMPIMLRSSNCVLTGKTPAEFAKLNECPLDPGGYFIVKGVEKVILIQEQLSKNRIIVEADRKGAVGASVTSSTHEKKSRTNMAVKQGRFYLRHNTLSEDIPIVIIFKAMGVESDQEIVQMIGTEEHVMAAFGPSLEECQKAQIFTQMQALKYIGNKVRRQRMWGGGPKKTKIEEARELLASTILTHVPVKEFNFRAKCIYTAVMVRRVILAQGDNKVDDRDYYGNKRLELAGQLLSLLFEDLFKKFNSEMKKIADQVIPKQRAAQFDVVKHMRQDQITNGMVNAISTGNWSLKRFKMDRQGVTQVLSRLSYISALGMMTRISSQFEKTRKVSGPRSLQPSQWGMLCPSDTPEGEACGLVKNLALMTHITTDMEDGPIVKLASNLGVEDVNLLCGEELSYPNVFLVFLNGNILGVIRDHKKLVNTFRLMRRAGYINEFVSISTNLTDRCVYISSDGGRLCRPYIIVKKQKPAVTNKHMEELAQGYRNFEDFLHESLVEYLDVNEENDCNIALYEHTINKDTTHLEIEPFTLLGVCAGLIPYPHHNQSPRNTYQCAMGKQAMGTIGYNQRNRIDTLMYLLAYPQKPMVKTKTIELIEFEKLPAGQNATVAVMSYSGYDIEDALVLNKASLDRGFGRCLVYKNAKCTLKRYTNQTFDKVMGPMLDAATRKPIWRHEILDADGICSPGEKVENKQVLVNKSMPTVTQIPLEGSNVPQQPQYKDVPITYKGATDSYIEKVMISSNAEDAFLIKMLLRQTRRPEIGDKFSSRHGQKGVCGLIVPQEDMPFCDSGICPDIIMNPHGFPSRMTVGKLIELLAGKAGVLDGRFHYGTAFGGSKVKDVCEDLVRHGYNYLGKDYVTSGITGEPLEAYIYFGPVYYQKLKHMVLDKMHARARGPRAVLTRQPTEGRSRDGGLRLGEMERDCLIGYGASMLLLERLMISSDAFEVDVCGQCGLLGYSGWCHYCKSSCHVSSLRIPYACKLLFQELQSMNIIPRLKLSKYNE
GCR,MDSKESLTPGREENPSSVLAQERGDVMDFYKTLRGGATVKVSASSPSLAVASQSDSKQRRLLVDFPKGSVSNAQQPDLSKAVSLSMGLYMGETETKVMGNDLGFPQQGQISLSSGETDLKLLEESIANLNRSTSVPENPKSSASTAVSAAPTEKEFPKTHSDVSSEQQHLKGQTGTNGGNVKLYTTDQSTFDILQDLEFSSGSPGKETNESPWRSDLLIDENCLLSPLAGEDDSFLLEGNSNEDCKPLILPDTKPKIKDNGDLVLSSPSNVTLPQVKTEKEDFIELCTPGVIKQEKLGTVYCQASFPGANIIGNKMSAISVHGVSTSGGQMYHYDMNTASLSQQQDQKPIFNVIPPIPVGSENWNRCQGSGDDNLTSLGTLNFPGRTVFSNGYSSPSMRPDVSSPPSSSSTATTGPPPKLCLVCSDEASGCHYGVLTCGSCKVFFKRAVEGQHNYLCAGRNDCIIDKIRRKNCPACRYRKCLQAGMNLEARKTKKKIKGIQQATTGVSQETSENPGNKTIVPATLPQLTPTLVSLLEVIEPEVLYAGYDSSVPDSTWRIMTTLNMLGGRQVIAAVKWAKAIPGFRNLHLDDQMTLLQYSWMFLMAFALGWRSYRQSSANLLCFAPDLIINEQRMTLPCMYDQCKHMLYVSSELHRLQVSYEEYLCMKTLLLLSSVPKDGLKSQELFDEIRMTYIKELGKAIVKREGNSSQNWQRFYQLTKLLDSMHEVVENLLNYCFQTFLDKTMSIEFPEMLAEIITNQIPKYSNGNIKKLLFHQK
ANK1,MPYSVGFREADAATSFLRAARSGNLDKALDHLRNGVDINTCNQNGLNGLHLASKEGHVKMVVELLHKEIILETTTKKGNTALHIAALAGQDEVVRELVNYGANVNAQSQKGFTPLYMAAQENHLEVVKFLLENGANQNVATEDGFTPLAVALQQGHENVVAHLINYGTKGKVRLPALHIAARNDDTRTAAVLLQNDPNPDVLSKTGFTPLHIAAHYENLNVAQLLLNRGASVNFTPQNGITPLHIASRRGNVIMVRLLLDRGAQIETKTKDELTPLHCAARNGHVRISEILLDHGAPIQAKTKNGLSPIHMAAQGDHLDCVRLLLQYDAEIDDITLDHLTPLHVAAHCGHHRVAKVLLDKGAKPNSRALNGFTPLHIACKKNHVRVMELLLKTGASIDAVTESGLTPLHVASFMGHLPIVKNLLQRGASPNVSNVKVETPLHMAARAGHTEVAKYLLQNKAKVNAKAKDDQTPLHCAARIGHTNMVKLLLENNANPNLATTAGHTPLHIAAREGHVETVLALLEKEASQACMTKKGFTPLHVAAKYGKVRVAELLLERDAHPNAAGKNGLTPLHVAVHHNNLDIVKLLLPRGGSPHSPAWNGYTPLHIAAKQNQVEVARSLLQYGGSANAESVQGVTPLHLAAQEGHAEMVALLLSKQANGNLGNKSGLTPLHLVAQEGHVPVADVLIKHGVMVDATTRMGYTPLHVASHYGNIKLVKFLLQHQADVNAKTKLGYSPLHQAAQQGHTDIVTLLLKNGASPNEVSSDGTTPLAIAKRLGYISVTDVLKVVTDETSFVLVSDKHRMSFPETVDEILDVSEDEGEELISFKAERRDSRDVDEEKELLDFVPKLDQVVESPAIPRIPCAMPETVVIRSEEQEQASKEYDEDSLIPSSPATETSDNISPVASPVHTGFLVSFMVDARGGSMRGSRHNGLRVVIPPRTCAAPTRITCRLVKPQKLSTPPPLAEEEGLASRIIALGPTGAQFLSPVIVEIPHFASHGRGDRELVVLRSENGSVWKEHRSRYGESYLDQILNGMDEELGSLEELEKKRVCRIITTDFPLYFVIMSRLCQDYDTIGPEGGSLKSKLVPLVQATFPENAVTKRVKLALQAQPVPDELVTKLLGNQATFSPIVTVEPRRRKFHRPIGLRIPLPPSWTDNPRDSGEGDTTSLRLLCSVIGGTDQAQWEDITGTTKLVYANECANFTTNVSARFWLSDCPRTAEAVNFATLLYKELTAVPYMAKFVIFAKMNDPREGRLRCYCMTDDKVDKTLEQHENFVEVARSRDIEVLEGMSLFAELSGNLVPVKKAAQQRSFHFQSFRENRLAMPVKVRDSSREPGGSLSFLRKAMKYEDTQHILCHLNITMPPCAKGSGAEDRRRTPTPLALRYSILSESTPGSLSGTEQAEMKMAVISEHLGLSWAELARELQFSVEDINRIRVENPNSLLEQSVALLNLWVIREGQNANMENLYTALQSIDRGEIVNMLEGSGRQSRNLKPDRRHTDRDYSLSPSQMNGYSSLQDELLSPASLGCALSSPLRADQYWNEVAVLDAIPLAATEHDTMLEMSDMQVWSAGLTPSLVTAEDSSLECSKAEDSDATGHEWKLEGALSEEPRGPELGSLELVEDDTVDSDATNGLIDLLEQEEGQRSEEKLPGSKRQDDATGAGQDSENEVSLVSGHQRGQARITHSPTVSQVTERSQDRLQDWDADGSIVSYLQDAAQGSWQEEVTQGPHSFQGTSTMTEGLEPGGSQEYEKVLVSVSEHTWTEQPEAESSQADRDRRQQGQEEQVQEAKNTFTQVVQGNEFQNIPGEQVTEEQFTDEQGNIVTKKIIRKVVRQIDLSSADAAQEHEEVTVEGPLEDPSELEVDIDYFMKHSKDHTSTPNP
ANK3,MAHAASQLKKNRDLEINAEEEPEKKRKHRKRSRDRKKKSDANASYLRAARAGHLEKALDYIKNGVDINICNQNGLNALHLASKEGHVEVVSELLQREANVDAATKKGNTALHIASLAGQAEVVKVLVTNGANVNAQSQNGFTPLYMAAQENHLEVVKFLLDNGASQSLATEDGFTPLAVALQQGHDQVVSLLLENDTKGKVRLPALHIAARKDDTKAAALLLQNDNNADVESKSGFTPLHIAAHYGNINVATLLLNRAAAVDFTARNDITPLHVASKRGNANMVKLLLDRGAKIDAKTRDGLTPLHCGARSGHEQVVEMLLDRAAPILSKTKNGLSPLHMATQGDHLNCVQLLLQHNVPVDDVTNDYLTALHVAAHCGHYKVAKVLLDKKANPNAKALNGFTPLHIACKKNRIKVMELLLKHGASIQAVTESGLTPIHVAAFMGHVNIVSQLMHHGASPNTTNVRGETALHMAARSGQAEVVRYLVQDGAQVEAKAKDDQTPLHISARLGKADIVQQLLQQGASPNAATTSGYTPLHLSAREGHEDVAAFLLDHGASLSITTKKGFTPLHVAAKYGKLEVANLLLQKSASPDAAGKSGLTPLHVAAHYDNQKVALLLLDQGASPHAAAKNGYTPLHIAAKKNQMDIATTLLEYGADANAVTRQGIASVHLAAQEGHVDMVSLLLGRNANVNLSNKSGLTPLHLAAQEDRVNVAEVLVNQGAHVDAQTKMGYTPLHVGCHYGNIKIVNFLLQHSAKVNAKTKNGYTPLHQAAQQGHTHIINVLLQNNASPNELTVNGNTALGIARRLGYISVVDTLKIVTEETMTTTTVTEKHKMNVPETMNEVLDMSDDEVRKANAPEMLSDGEYISDVEEGEDAMTGDTDKYLGPQDLKELGDDSLPAEGYMGFSLGARSASLRSFSSDRSYTLNRSSYARDSMMIEELLVPSKEQHLTFTREFDSDSLRHYSWAADTLDNVNLVSSPIHSGFLVSFMVDARGGSMRGSRHHGMRIIIPPRKCTAPTRITCRLVKRHKLANPPPMVEGEGLASRLVEMGPAGAQFLGPVIVEIPHFGSMRGKERELIVLRSENGETWKEHQFDSKNEDLTELLNGMDEELDSPEELGKKRICRIITKDFPQYFAVVSRIKQESNQIGPEGGILSSTTVPLVQASFPEGALTKRIRVGLQAQPVPDEIVKKILGNKATFSPIVTVEPRRRKFHKPITMTIPVPPPSGEGVSNGYKGDTTPNLRLLCSITGGTSPAQWEDITGTTPLTFIKDCVSFTTNVSARFWLADCHQVLETVGLATQLYRELICVPYMAKFVVFAKMNDPVESSLRCFCMTDDKVDKTLEQQENFEEVARSKDIEVLEGKPIYVDCYGNLAPLTKGGQQLVFNFYSFKENRLPFSIKIRDTSQEPCGRLSFLKEPKTTKGLPQTAVCNLNITLPAHKKETESDQDDEIEKTDRRQSFASLALRKRYSYLTEPGMIERSTGATRSLPTTYSYKPFFSTRPYQSWTTAPITVPGPAKSGFTSLSSSSSNTPSASPLKSIWSVSTPSPIKSTLGASTTSSVKSISDVASPIRSFRTMSSPIKTVVSQSPYNIQVSSGTLARAPAVTEATPLKGLASNSTFSSRTSPVTTAGSLLERSSITMTPPASPKSNINMYSSSLPFKSIITSAAPLISSPLKSVVSPVKSAVDVISSAKITMASSLSSPVKQMPGHAEVALVNGSISPLKYPSSSTLINGCKATATLQEKISSATNSVSSVVSAATDTVEKVFSTTTAMPFSPLRSYVSAAPSAFQSLRTPSASALYTSLGSSISATTSSVTSSIITVPVYSVVNVLPEPALKKLPDSNSFTKSAAALLSPIKTLTTETHPQPHFSRTSSPVKSSLFLAPSALKLSTPSSLSSSQEILKDVAEMKEDLMRMTAILQTDVPEEKPFQPELPKEGRIDDEEPFKIVEKVKEDLVKVSEILKKDVCVDNKGSPKSPKSDKGHSPEDDWIEFSSEEIREARQQAAASQSPSLPERVQVKAKAASEKDYNLTKVIDYLTNDIGSSSLTNLKYKFEDAKKDGEERQKRVLKPAIALQEHKLKMPPASMRTSTSEKELCKMADSFFGTDTILESPDDFSQHDQDKSPLSDSGFETRSEKTPSAPQSAESTGPKPLFHEVPIPPVITETRTEVVHVIRSYDPSAGDVPQTQPEEPVSPKPSPTFMELEPKPTTSSIKEKVKAFQMKASSEEDDHNRVLSKGMRVKEETHITTTTRMVYHSPPGGEGASERIEETMSVHDIMKAFQSGRDPSKELAGLFEHKSAVSPDVHKSAAETSAQHAEKDNQMKPKLERIIEVHIEKGNQAEPTEVIIRETKKHPEKEMYVYQKDLSRGDINLKDFLPEKHDAFPCSEEQGQQEEEELTAEESLPSYLESSRVNTPVSQEEDSRPSSAQLISDDSYKTLKLLSQHSIEYHDDELSELRGESYRFAEKMLLSEKLDVSHSDTEESVTDHAGPPSSELQGSDKRSREKIATAPKKEILSKIYKDVSENGVGKVSKDEHFDKVTVLHYSGNVSSPKHAMWMRFTEDRLDRGREKLIYEDRVDRTVKEAEEKLTEVSQFFRDKTEKLNDELQSPEKKARPKNGKEYSSQSPTSSSPEKVLLTELLASNDEWVKARQHGPDGQGFPKAEEKAPSLPSSPEKMVLSQQTEDSKSTVEAKGSISQSKAPDGPQSGFQLKQSKLSSIRLKFEQGTHAKSKDMSQEDRKSDGQSRIPVKKIQESKLPVYQVFAREKQQKAIDLPDESVSVQKDFMVLKTKDEHAQSNEIVVNDSGSDNVKKQRTEMSSKAMPDSFSEQQAKDLACHITSDLATRGPWDKKVFRTWESSGATNNKSQKEKLSHVLVHDVRENHIGHPESKSVDQKNEFMSVTERERKLLTNGSLSEIKEMTVKSPSKKVLYREYVVKEGDHPGGLLDQPSRRSESSAVSHIPVRVADERRMLSSNIPDGFCEQSAFPKHELSQKLSQSSMSKETVETQHFNSIEDEKVTYSEISKVSKHQSYVGLCPPLEETETSPTKSPDSLEFSPGKESPSSDVFDHSPIDGLEKLAPLAQTEGGKEIKTLPVYVSFVQVGKQYEKEIQQGGVKKIISQECKTVQETRGTFYTTRQQKQPPSPQGSPEDDTLEQVSFLDSSGKSPLTPETPSSEEVSYEFTSKTPDSLIAYIPGKPSPIPEVSEESEEEEQAKSTSLKQTTVEETAVEREMPNDVSKDSNQRPKNNRVAYIEFPPPPPLDADQIESDKKHHYLPEKEVDMIEVNLQDEHDKYQLAEPVIRVQPPSPVPPGADVSDSSDDESIYQPVPVKKYTFKLKEVDDEQKEKPKASAEKASNQKELESNGSGKDNEFGLGLDSPQNEIAQNGNNDQSITECSIATTAEFSHDTDATEIDSLDGYDLQDEDDGLTESDSKLPIQAMEIKKDIWNTEGILKPADRSFSQSKLEVIEEEGKVGPDEDKPPSKSSSSEKTPDKTDQKSGAQFFTLEGRHPDRSVFPDTYFSYKVDEEFATPFKTVATKGLDFDPWSNNRGDDEVFDSKSREDETKPFGLAVEDRSPATTPDTTPARTPTDESTPTSEPNPFPFHEGKMFEMTRSGAIDMSKRDFVEERLQFFQIGEHTSEGKSGDQGEGDKSMVTATPQPQSGDTTVETNLERNVETPTVEPNPSIPTSGECQEGTSSSGSLEKSAAATNTSKVDPKLRTPIKMGISASTMTMKKEGPGEITDKIEAVMTSCQGLENETITMISNTANSQMGVRPHEKHDFQKDNFNNNNNLDSSTIQTDNIMSNIVLTEHSAPTCTTEKDNPVKVSSGKKTGVLQGHCVRDKQKVLGEQQKTKELIGIRQKSKLPIKATSPKDTFPPNHMSNTKASKMKQVSQSEKTKALTTSSCVDVKSRIPVKNTHRDNIIAVRKACATQKQGQPEKGKAKQLPSKLPVKVRSTCVTTTTTTATTTTTTTTTTTTSCTVKVRKSQLKEVCKHSIEYFKGISGETLKLVDRLSEEEKKMQSELSDEEESTSRNTSLSETSRGGQPSVTTKSARDKKTEAAPLKSKSEKAGSEKRSSRRTGPQSPCERTDIRMAIVADHLGLSWTELARELNFSVDEINQIRVENPNSLISQSFMLLKKWVTRDGKNATTDALTSVLTKINRIDIVTLLEGPIFDYGNISGTRSFADENNVFHDPVDGWQNETSSGNLESCAQARRVTGGLLDRLDDSPDQCRDSITSYLKGEAGKFEANGSHTEITPEAKTKSYFPESQNDVGKQSTKETLKPKIHGSGHVEEPASPLAAYQKSLEETSKLIIEETKPCVPVSMKKMSRTSPADGKPRLSLHEEEGSSGSEQKQGEGFKVKTKKEIRHVEKKSHS
LRRF1,MTSPAAAQSREIDCLSPEAQKLAEARLAAKRAARAEAREIRMKELERQQKEEDSERYSRRSRRNTSASDEDERMSVGSRGSLRVEERPEKDFTEKGSRNMPGLSAATLASLGGTSSRRGSGDTSISIDTEASIREIKELNELKDQIQDVEGKYMQGLKEMKDSLAEVEEKYKKAMVSNAQLDNEKTNFMYQVDTLKDMLLELEEQLAESRRQYEEKNKEFEREKHAHSILQFQFAEVKEALKQREEMLEKHGIILNSEIATNGETSDTLNNVGYQGPTKMTKEELNALKSTGDGTLGRASEVEVKNEIVANVGKREILHNTEKEQHTEDTVKDCVDIEVFPAGENTEDQKSSEDTAPFLGTLAGATYEEQVQSQILESSSLPENTVQVESNEVMGAPDDRTRTPLEPSNCWSDLDGGNHTENVGEAAVTQVEEQAGTVASCPLGHSDDTVYHDDKCMVEVPQELETSTGHSLEKEFTNQEAAEPKEVPAHSTEVGRDHNEEEGEETGLRDEKPIKTEVPGSPAGTEGNCQEATGPSTVDTQNEPLDMKEPDEEKSDQQGEALDSSQKKTKNKKKKNKKKKSPVPVETLKDVKKELTYQNTDLSEIKEEEQVKSTDRKSAVEAQNEVTENPKQKIAAESSENVDCPENPKIKLDGKLDQEGDDVQTAAEEVLADGDTLDFEDDTVQSSGPRAGGEELDEGVAKDNAKIDGATQSSPAEPKSEDADRCTLPEHESPSQDISDACEAESTERCEMSEHPSQTVRKALDSNSLENDDLSAPGREPGHFNPESREDTRGGNEKGKSKEDCTMS
KATL2,MELSYQTLKFTHQAREACEMRTEARRKNLLILISHYLTQEGYIDTANALEQETKLGLRRFEVCDNIDLETILMEYESYYFVKFQKYPKIVKKSSDTAENNLPQRSRGKTRRMMNDSCQNLPKINQQRPRSKTTAGKTGDTKSLNKEHPNQEVVDNTRLESANFGLHISRIRKDSGEENAHPRRGQIIDFQGLLTDAIKGATSELALNTFDHNPDPSERLLKPLSAFIGMNSEMRELAAVVSRDIYLHNPNIKWNDIIGLDAAKQLVKEAVVYPIRYPQLFTGILSPWKGLLLYGPPGTGKTLLAKAVATECKTTFFNISASTIVSKWRGDSEKLVRVLFELARYHAPSTIFLDELESVMSQRGTASGGEHEGSLRMKTELLVQMDGLARSEDLVFVLAASNLPWELDCAMLRRLEKRILVDLPSREARQAMIYHWLPPVSKSRALELHTELEYSVLSQETEGYSGSDIKLVCREAAMRPVRKIFDALENHQSESSDLPRIQLDIVTTADFLDVLTHTKPSAKNLAQRYSDWQREFESV
TERA,MASGADSKGDDLSTAILKQKNRPNRLIVDEAINEDNSVVSLSQPKMDELQLFRGDTVLLKGKKRREAVCIVLSDDTCSDEKIRMNRVVRNNLRVRLGDVISIQPCPDVKYGKRIHVLPIDDTVEGITGNLFEVYLKPYFLEAYRPIRKGDIFLVRGGMRAVEFKVVETDPSPYCIVAPDTVIHCEGEPIKREDEEESLNEVGYDDIGGCRKQLAQIKEMVELPLRHPALFKAIGVKPPRGILLYGPPGTGKTLIARAVANETGAFFFLINGPEIMSKLAGESESNLRKAFEEAEKNAPAIIFIDELDAIAPKREKTHGEVERRIVSQLLTLMDGLKQRAHVIVMAATNRPNSIDPALRRFGRFDREVDIGIPDATGRLEILQIHTKNMKLADDVDLEQVANETHGHVGADLAALCSEAALQAIRKKMDLIDLEDETIDAEVMNSLAVTMDDFRWALSQSNPSALRETVVEVPQVTWEDIGGLEDVKRELQELVQYPVEHPDKFLKFGMTPSKGVLFYGPPGCGKTLLAKAIANECQANFISIKGPELLTMWFGESEANVREIFDKARQAAPCVLFFDELDSIAKARGGNIGDGGGAADRVINQILTEMDGMSTKKNVFIIGATNRPDIIDPAILRPGRLDQLIYIPLPDEKSRVAILKANLRKSPVAKDVDLEFLAKMTNGFSGADLTEICQRACKLAIRESIESEIRRERERQTNPSAMEVEEDDPVPEIRRDHFEEAMRFARRSVSDNDIRKYEMFAQTLQQSRGFGSFRFPSGNQGGAGPSQGSGGGTGGSVYTEDNDDDLYG
MFA3L,MDRLKSHLTVCFLPSVPFLILVSTLATAKSVTNSTLNGTNVVLGSVPVIIARTDHIIVKEGNSALINCSVYGIPDPQFKWYNSIGKLLKEEEDEKERGGGKWQMHDSGLLNITKVSFSDRGKYTCVASNIYGTVNNTVTLRVIFTSGDMGVYYMVVCLVAFTIVMVLNITRLCMMSSHLKKTEKAINEFFRTEGAEKLQKAFEIAKRIPIITSAKTLELAKVTQFKTMEFARYIEELARSVPLPPLIMNCRTIMEEIMEVVGLEEQGQNFVRHTPEGQEAADRDEVYTIPNSLKRSDSPAADSDASSLHEQPQQIAIKVSVHPQSKKEHADDQEGGQFEVKDVEETELSAEHSPETAEPSTDVTSTELTSEEPTPVEVPDKVLPPAYLEATEPAVTHDKNTCIIYESHV
RS3,MAVQISKKRKFVADGIFKAELNEFLTRELAEDGYSGVEVRVTPTRTEIIILATRTQNVLGEKGRRIRELTAVVQKRFGFPEGSVELYAEKVATRGLCAIAQAESLRYKLLGGLAVRRACYGVLRFIMESGAKGCEVVVSGKLRGQRAKSMKFVDGLMIHSGDPVNYYVDTAVRHVLLRQGVLGIKVKIMLPWDPTGKIGPKKPLPDHVSIVEPKDEILPTTPISEQKGGKPEPPAMPQPVPTA
CD44,MDKFWWHAAWGLCLVPLSLAQIDLNITCRFAGVFHVEKNGRYSISRTEAADLCKAFNSTLPTMAQMEKALSIGFETCRYGFIEGHVVIPRIHPNSICAANNTGVYILTSNTSQYDTYCFNASAPPEEDCTSVTDLPNAFDGPITITIVNRDGTRYVQKGEYRTNPEDIYPSNPTDDDVSSGSSSERSSTSGGYIFYTFSTVHPIPDEDSPWITDSTDRIPATTLMSTSATATETATKRQETWDWFSWLFLPSESKNHLHTTTQMAGTSSNTISAGWEPNEENEDERDRHLSFSGSGIDDDEDFISSTISTTPRAFDHTKQNQDWTQWNPSHSNPEVLLQTTTRMTDVDRNGTTAYEGNWNPEAHPPLIHHEHHEEEETPHSTSTIQATPSSTTEETATQKEQWFGNRWHEGYRQTPKEDSHSTTGTAAASAHTSHPMQGRTTPSPEDSSWTDFFNPISHPMGRGHQAGRRMDMDSSHSITLQPTANPNTGLVEDLDRTGPLSMTTQQSNSQSFSTSHEGLEEDKDHPTTSTLTSSNRNDVTGGRRDPNHSEGSTTLLEGYTSHYPHTKESRTFIPVTSAKTGSFGVTAVTVGDSNSNVNRSLSGDQDTFHPSGGSHTTHGSESDGHSHGSQEGGANTTSGPIRTPQIPEWLIILASLLALALILAVCIAVNSRRRCGQKKKLVINSGNGAVEDRKPSGLNGEASKSQEMVHLVNKESSETPDQFMTADETRNLQNVDMKIGV
SODM,MLSRAVCGTSRQLAPVLGYLGSRQKHSLPDLPYDYGALEPHINAQIMQLHHSKHHAAYVNNLNVTEEKYQEALAKGDVTAQIALQPALKFNGGGHINHSIFWTNLSPNGGGEPKGELLEAIKRDFGSFDKFKEKLTAASVGVQGSGWGWLGFNKERGHLQIAACPNQDPLQGTTGLIPLLGIDVWEHAYYLQYKNVRPDYLKAIWNVINWENVTERYMACKK
CREB1,MTMESGAENQQSGDAAVTEAENQQMTVQAQPQIATLAQVSMPAAHATSSAPTVTLVQLPNGQTVQVHGVIQAAQPSVIQSPQVQTVQISTIAESEDSQESVDSVTDSQKRREILSRRPSYRKILNDLSSDAPGVPRIEEEKSEEETSAPAITTVTVPTPIYQTSSGQYIAITQGGAIQLANNGTDGVQGLQTLTMTNAAATQPGTTILQYAQTTDGQQILVPSNQVVVQAASGDVQTYQIRTAPTSTIAPGVVMASSPALPTQPAEEAARKREVRLMKNREAARECRRKKKEYVKCLENRVAVLENQNKTLIEELKALKDLYCHKSD
HDAC1,MAQTQGTRRKVCYYYDGDVGNYYYGQGHPMKPHRIRMTHNLLLNYGLYRKMEIYRPHKANAEEMTKYHSDDYIKFLRSIRPDNMSEYSKQMQRFNVGEDCPVFDGLFEFCQLSTGGSVASAVKLNKQQTDIAVNWAGGLHHAKKSEASGFCYVNDIVLAILELLKYHQRVLYIDIDIHHGDGVEEAFYTTDRVMTVSFHKYGEYFPGTGDLRDIGAGKGKYYAVNYPLRDGIDDESYEAIFKPVMSKVMEMFQPSAVVLQCGSDSLSGDRLGCFNLTIKGHAKCVEFVKSFNLPMLMLGGGGYTIRNVARCWTYETAVALDTEIPNELPYNDYFEYFGPDFKLHISPSNMTNQNTNEYLEKIKQRLFENLRMLPHAPGVQMQAIPEDAIPEESGDEDEDDPDKRISICSSDKRIACEEEFSDSEEEGEGGRKNSSNFKKAKRVKTEDEKEKDPEEKKEVTEEEKTKEEKPEAKGVKEEVKLA
ACTB,MDDDIAALVVDNGSGMCKAGFAGDDAPRAVFPSIVGRPRHQGVMVGMGQKDSYVGDEAQSKRGILTLKYPIEHGIVTNWDDMEKIWHHTFYNELRVAPEEHPVLLTEAPLNPKANREKMTQIMFETFNTPAMYVAIQAVLSLYASGRTTGIVMDSGDGVTHTVPIYEGYALPHAILRLDLAGRDLTDYLMKILTERGYSFTTTAEREIVRDIKEKLCYVALDFEQEMATAASSSSLEKSYELPDGQVITIGNERFRCPEALFQPSFLGMESCGIHETTFNSIMKCDVDIRKDLYANTVLSGGTTMYPGIADRMQKEITALAPSTMKIKIIAPPERKYSVWIGGSILASLSTFQQMWISKQEYDESGPSIVHRKCF
DICER,MKSPALQPLSMAGLQLMTPASSPMGPFFGLPWQQEAIHDNIYTPRKYQVELLEAALDHNTIVCLNTGSGKTFIAVLLTKELSYQIRGDFSRNGKRTVFLVNSANQVAQQVSAVRTHSDLKVGEYSNLEVNASWTKERWNQEFTKHQVLIMTCYVALNVLKNGYLSLSDINLLVFDECHLAILDHPYREIMKLCENCPSCPRILGLTASILNGKCDPEELEEKIQKLEKILKSNAETATDLVVLDRYTSQPCEIVVDCGPFTDRSGLYERLLMELEEALNFINDCNISVHSKERDSTLISKQILSDCRAVLVVLGPWCADKVAGMMVRELQKYIKHEQEELHRKFLLFTDTFLRKIHALCEEHFSPASLDLKFVTPKVIKLLEILRKYKPYERQQFESVEWYNNRNQDNYVSWSDSEDDDEDEEIEEKEKPETNFPSPFTNILCGIIFVERRYTAVVLNRLIKEAGKQDPELAYISSNFITGHGIGKNQPRNKQMEAEFRKQEEVLRKFRAHETNLLIATSIVEEGVDIPKCNLVVRFDLPTEYRSYVQSKGRARAPISNYIMLADTDKIKSFEEDLKTYKAIEKILRNKCSKSVDTGETDIDPVMDDDDVFPPYVLRPDDGGPRVTINTAIGHINRYCARLPSDPFTHLAPKCRTRELPDGTFYSTLYLPINSPLRASIVGPPMSCVRLAERVVALICCEKLHKIGELDDHLMPVGKETVKYEEELDLHDEEETSVPGRPGSTKRRQCYPKAIPECLRDSYPRPDQPCYLYVIGMVLTTPLPDELNFRRRKLYPPEDTTRCFGILTAKPIPQIPHFPVYTRSGEVTISIELKKSGFMLSLQMLELITRLHQYIFSHILRLEKPALEFKPTDADSAYCVLPLNVVNDSSTLDIDFKFMEDIEKSEARIGIPSTKYTKETPFVFKLEDYQDAVIIPRYRNFDQPHRFYVADVYTDLTPLSKFPSPEYETFAEYYKTKYNLDLTNLNQPLLDVDHTSSRLNLLTPRHLNQKGKALPLSSAEKRKAKWESLQNKQILVPELCAIHPIPASLWRKAVCLPSILYRLHCLLTAEELRAQTASDAGVGVRSLPADFRYPNLDFGWKKSIDSKSFISISNSSSAENDNYCKHSTIVPENAAHQGANRTSSLENHDQMSVNCRTLLSESPGKLHVEVSADLTAINGLSYNQNLANGSYDLANRDFCQGNQLNYYKQEIPVQPTTSYSIQNLYSYENQPQPSDECTLLSNKYLDGNANKSTSDGSPVMAVMPGTTDTIQVLKGRMDSEQSPSIGYSSRTLGPNPGLILQALTLSNASDGFNLERLEMLGDSFLKHAITTYLFCTYPDAHEGRLSYMRSKKVSNCNLYRLGKKKGLPSRMVVSIFDPPVNWLPPGYVVNQDKSNTDKWEKDEMTKDCMLANGKLDEDYEEEDEEEESLMWRAPKEEADYEDDFLEYDQEHIRFIDNMLMGSGAFVKKISLSPFSTTDSAYEWKMPKKSSLGSMPFSSDFEDFDYSSWDAMCYLDPSKAVEEDDFVVGFWNPSEENCGVDTGKQSISYDLHTEQCIADKSIADCVEALLGCYLTSCGERAAQLFLCSLGLKVLPVIKRTDREKALCPTRENFNSQQKNLSVSCAAASVASSRSSVLKDSEYGCLKIPPRCMFDHPDADKTLNHLISGFENFEKKINYRFKNKAYLLQAFTHASYHYNTITDCYQRLEFLGDAILDYLITKHLYEDPRQHSPGVLTDLRSALVNNTIFASLAVKYDYHKYFKAVSPELFHVIDDFVQFQLEKNEMQGMDSELRRSEEDEEKEEDIEVPKAMGDIFESLAGAIYMDSGMSLETVWQVYYPMMRPLIEKFSANVPRSPVRELLEMEPETAKFSPAERTYDGKVRVTVEVVGKGKFKGVGRSYRIAKSAAARRALRSLKANQPQVPNS
ESR1,MTMTLHTKASGMALLHQIQGNELEPLNRPQLKIPLERPLGEVYLDSSKPAVYNYPEGAAYEFNAAAAANAQVYGQTGLPYGPGSEAAAFGSNGLGGFPPLNSVSPSPLMLLHPPPQLSPFLQPHGQQVPYYLENEPSGYTVREAGPPAFYRPNSDNRRQGGRERLASTNDKGSMAMESAKETRYCAVCNDYASGYHYGVWSCEGCKAFFKRSIQGHNDYMCPATNQCTIDKNRRKSCQACRLRKCYEVGMMKGGIRKDRRGGRMLKHKRQRDDGEGRGEVGSAGDMRAANLWPSPLMIKRSKKNSLALSLTADQMVSALLDAEPPILYSEYDPTRPFSEASMMGLLTNLADRELVHMINWAKRVPGFVDLTLHDQVHLLECAWLEILMIGLVWRSMEHPGKLLFAPNLLLDRNQGKCVEGMVEIFDMLLATSSRFRMMNLQGEEFVCLKSIILLNSGVYTFLSSTLKSLEEKDHIHRVLDKITDTLIHLMAKAGLTLQQQHQRLAQLLLILSHIRHMSNKGMEHLYSMKCKNVVPLYDLLLEMLDAHRLHAPTSRGGASVEETDQSHLATAGSTSSHSLQKYYITGEAEGFPATV
CALM1,MADQLTEEQIAEFKEAFSLFDKDGDGTITTKELGTVMRSLGQNPTEAELQDMINEVDADGNGTIDFPEFLTMMARKMKDTDSEEEIREAFRVFDKDGNGYISAAELRHVMTNLGEKLTDEEVDEMIREADIDGDGQVNYEEFVQMMTAK
